title,genres,status,query_used,matched_title,score,threshold_accepted,image_path,error
20th Century Boys,Seinen,downloaded,20th Century Boys,20th Century Boys,100.0,85,images\manga\20th_century_boys.jpg,
20th Century Boys (Mystery),Mystery / Thriller,downloaded,20th Century Boys,20th Century Boys,100.0,85,images\manga\20th_century_boys_mystery.jpg,
20th Century Boys (Sci-Fi),Sci-Fi,downloaded,20th Century Boys,20th Century Boys,100.0,85,images\manga\20th_century_boys_sci_fi.jpg,
20th Century Boys Perfect Edition,Seinen,no_match,20th Century Boys Perfect Edition,,,,,
91 Days,Mystery / Thriller,no_match,91 Days,,,,,
A Silent Voice,Josei,downloaded,A Silent Voice,A Silent Voice,100.0,85,images\manga\a_silent_voice.jpg,
A Silent Voice (Romance),Romance,downloaded,A Silent Voice,A Silent Voice,100.0,85,images\manga\a_silent_voice_romance.jpg,
Absolute Boyfriend,Shojo,downloaded,Absolute Boyfriend,Absolute Boyfriend,100.0,85,images\manga\absolute_boyfriend.jpg,
Ace of Diamond,Sports,downloaded,Ace of Diamond,Ace of the Diamond,87.5,85,images\manga\ace_of_diamond.jpg,
Akira,Seinen,downloaded,Akira,Akira,100.0,85,images\manga\akira.jpg,
Akira (Sci-Fi),Sci-Fi,downloaded,Akira,Akira,100.0,85,images\manga\akira_sci_fi.jpg,
Aku no Hana,Seinen,downloaded,Aku no Hana,Aku no Hana,100.0,85,images\manga\aku_no_hana.jpg,
Alice 19th,Shojo,downloaded,Alice 19th,Alice 19th,100.0,85,images\manga\alice_19th.jpg,
All Out!!,Sports,downloaded,All Out!!,All Out!!,100.0,85,images\manga\all_out.jpg,
Am I Actually the Strongest?,Isekai,downloaded,Am I Actually the Strongest?,Am I Actually the Strongest?,100.0,85,images\manga\am_i_actually_the_strongest.jpg,
Antique Bakery,Boys' Love (BL),downloaded,Antique Bakery,Antique Bakery,100.0,85,images\manga\antique_bakery.jpg,
Ao Haru Ride,Shojo,downloaded,Ao Haru Ride,Ao Haru Ride,100.0,85,images\manga\ao_haru_ride.jpg,
Ao no Exorcist (Blue Exorcist),Supernatural,downloaded,Ao no Exorcist,Blue Exorcist,66.7,65,images\manga\ao_no_exorcist_blue_exorcist.jpg,
Ao no Flag,Boys' Love (BL),no_match,Ao no Flag,,,,,
Appare-Ranman!,Historical,downloaded,Appare-Ranman!,Appare-Ranman!,100.0,85,images\manga\appare_ranman.jpg,
Arata: The Legend,Fantasy,downloaded,Arata: The Legend,Arata: The Legend,100.0,85,images\manga\arata_the_legend.jpg,
Area no Kishi,Sports,downloaded,Area no Kishi,The Knight in the Area,57.1,55,images\manga\area_no_kishi.jpg,
Arifureta: From Commonplace to World's Strongest,Isekai,downloaded,Arifureta: From Commonplace to World's Strongest,Arifureta: From Commonplace to World's Strongest,100.0,85,images\manga\arifureta_from_commonplace_to_world_s_strongest.jpg,
Ascendance of a Bookworm,Isekai,downloaded,Ascendance of a Bookworm,Ascendance of a Bookworm: Part 1,85.7,85,images\manga\ascendance_of_a_bookworm.jpg,
Ashita no Joe,Sports,downloaded,Ashita no Joe,Ashita no Joe ni Akogarete,66.7,65,images\manga\ashita_no_joe.jpg,
Asobi Asobase,Comedy,downloaded,Asobi Asobase,Asobi Asobase,100.0,85,images\manga\asobi_asobase.jpg,
Assassination Classroom,Shonen,downloaded,Assassination Classroom,Assassination Classroom,100.0,85,images\manga\assassination_classroom.jpg,
Assassination Classroom (Comedy),Comedy,downloaded,Assassination Classroom,Assassination Classroom,100.0,85,images\manga\assassination_classroom_comedy.jpg,
Astro Boy,Sci-Fi,downloaded,Astro Boy,Astro Boy,100.0,85,images\manga\astro_boy.jpg,
Azumanga Daioh,Comedy,downloaded,Azumanga Daioh,Azumanga Daioh,100.0,85,images\manga\azumanga_daioh.jpg,
Baby Steps,Sports,downloaded,Baby Steps,Baby Steps,100.0,85,images\manga\baby_steps.jpg,
Baka and Test,Comedy,downloaded,Baka and Test,Baka and Test - Summon the Beasts,56.5,55,images\manga\baka_and_test.jpg,
Banana Fish,Boys' Love (BL),downloaded,Banana Fish,Banana Fish,100.0,85,images\manga\banana_fish.jpg,
Barakamon (Comedy),Comedy,downloaded,Barakamon,Barakamon,100.0,85,images\manga\barakamon_comedy.jpg,
Basara,Shojo,downloaded,Basara,Basara,100.0,85,images\manga\basara.jpg,
Basilisk: The Kouga Ninja Scrolls,Historical,downloaded,Basilisk: The Kouga Ninja Scrolls,Basilisk: The Kouga Ninja Scrolls,100.0,85,images\manga\basilisk_the_kouga_ninja_scrolls.jpg,
Battery (Sports),Sports,downloaded,Battery,Battery,100.0,85,images\manga\battery_sports.jpg,
Battle Angel Alita,Sci-Fi,downloaded,Battle Angel Alita,Battle Angel Alita,100.0,85,images\manga\battle_angel_alita.jpg,
Beastars,Sci-Fi,no_match,Beastars,,,,,
Beelzebub,Shonen,downloaded,Beelzebub,Beelzebub,100.0,85,images\manga\beelzebub.jpg,
Beelzebub (Comedy),Comedy,downloaded,Beelzebub,Beelzebub,100.0,85,images\manga\beelzebub_comedy.jpg,
Berserk,Seinen,downloaded,Berserk,Berserk,100.0,85,images\manga\berserk.jpg,
Beyond the Boundary,Supernatural,no_match,Beyond the Boundary,,,,,
Billy Bat,Seinen,downloaded,Billy Bat,Billy Bat,100.0,85,images\manga\billy_bat.jpg,
Black Clover,Shonen,downloaded,Black Clover,Black Clover,100.0,85,images\manga\black_clover.jpg,
Black Clover (Fantasy),Fantasy,downloaded,Black Clover,Black Clover,100.0,85,images\manga\black_clover_fantasy.jpg,
Blade of the Immortal,Historical,downloaded,Blade of the Immortal,Blade of the Immortal,100.0,85,images\manga\blade_of_the_immortal.jpg,
Blame!,Seinen,no_match,Blame!,,,,,
Blame! (Sci-Fi),Sci-Fi,no_match,Blame!,,,,,
Bleach,Shonen,downloaded,Bleach,Bleach,100.0,85,images\manga\bleach.jpg,
Bleach (Supernatural),Supernatural,downloaded,Bleach,Bleach,100.0,85,images\manga\bleach_supernatural.jpg,
Blue Exorcist,Shonen,downloaded,Blue Exorcist,Blue Exorcist,100.0,85,images\manga\blue_exorcist.jpg,
Blue Exorcist (Fantasy),Fantasy,downloaded,Blue Exorcist,Blue Exorcist,100.0,85,images\manga\blue_exorcist_fantasy.jpg,
Blue Morning,Boys' Love (BL),downloaded,Blue Morning,Blue Morning,100.0,85,images\manga\blue_morning.jpg,
Blue Spring Ride,Romance,downloaded,Blue Spring Ride,Blue Spring Ride,100.0,85,images\manga\blue_spring_ride.jpg,
Bofuri: I Don't Want to Get Hurt,Isekai,downloaded,Bofuri: I Don't Want to Get Hurt,"Bofuri: I Don't Want to Get Hurt, so I'll Max Out My Defense.",68.8,65,images\manga\bofuri_i_don_t_want_to_get_hurt.jpg,
Boruto: Naruto Next Generations,Shonen,downloaded,Boruto: Naruto Next Generations,Boruto: Naruto Next Generations,100.0,85,images\manga\boruto_naruto_next_generations.jpg,
Boys Over Flowers,Shojo,downloaded,Boys Over Flowers,Boys Over Flowers,100.0,85,images\manga\boys_over_flowers.jpg,
Btooom!,Horror,downloaded,Btooom!,Btooom!,100.0,85,images\manga\btooom.jpg,
Btooom! (Mystery),Mystery / Thriller,downloaded,Btooom!,Btooom!,100.0,85,images\manga\btooom_mystery.jpg,
Bungo Stray Dogs,Mystery / Thriller,downloaded,Bungo Stray Dogs,Bungo Stray Dogs,100.0,85,images\manga\bungo_stray_dogs.jpg,
Bungo Stray Dogs (Supernatural),Supernatural,downloaded,Bungo Stray Dogs,Bungo Stray Dogs,100.0,85,images\manga\bungo_stray_dogs_supernatural.jpg,
Bunny Drop,Josei,downloaded,Bunny Drop,Bunny Drop,100.0,85,images\manga\bunny_drop.jpg,
By the Grace of the Gods,Isekai,downloaded,By the Grace of the Gods,By the Grace of the Gods,100.0,85,images\manga\by_the_grace_of_the_gods.jpg,
C.M.B.,Mystery / Thriller,no_match,C.M.B.,,,,,
Campfire Cooking in Another World,Isekai,downloaded,Campfire Cooking in Another World,Campfire Cooking in Another World with My Absurd Skill,75.9,75,images\manga\campfire_cooking_in_another_world.jpg,
Captain Tsubasa,Sports,downloaded,Captain Tsubasa,Captain Tsubasa,100.0,85,images\manga\captain_tsubasa.jpg,
Card Captor Sakura Clear Card,Shojo,no_match,Card Captor Sakura Clear Card,,,,,
Cardcaptor Sakura,Shojo,downloaded,Cardcaptor Sakura,Cardcaptor Sakura,100.0,85,images\manga\cardcaptor_sakura.jpg,
Case Closed,Mystery / Thriller,downloaded,Case Closed,Case Closed,100.0,85,images\manga\case_closed.jpg,
Casshern,Sci-Fi,downloaded,Casshern,Casshern R,88.9,85,images\manga\casshern.jpg,
Cautious Hero,Isekai,no_match,Cautious Hero,,,,,
Chainsaw Man,Shonen,downloaded,Chainsaw Man,Chainsaw Man,100.0,85,images\manga\chainsaw_man.jpg,
Cherry Magic! Thirty Years of Virginity Can Make You a Wizard?!,Boys' Love (BL),downloaded,Cherry Magic! Thirty Years of Virginity Can Make You a Wizard?!,Cherry Magic! Thirty Years of Virginity Can Make You a Wizard?!,100.0,85,images\manga\cherry_magic_thirty_years_of_virginity_can_make_you_a_wizard.jpg,
Chihayafuru,Josei,downloaded,Chihayafuru,Chihayafuru,100.0,85,images\manga\chihayafuru.jpg,
Chihayafuru (Sports),Sports,downloaded,Chihayafuru,Chihayafuru,100.0,85,images\manga\chihayafuru_sports.jpg,
Classroom of the Elite,Mystery / Thriller,downloaded,Classroom of the Elite,Classroom of the Elite,100.0,85,images\manga\classroom_of_the_elite.jpg,
Claymore,Fantasy,downloaded,Claymore,Claymore,100.0,85,images\manga\claymore.jpg,
Coffee & Vanilla,Josei,downloaded,Coffee & Vanilla,Coffee & Vanilla,100.0,85,images\manga\coffee_vanilla.jpg,
Corpse Party: Blood Covered,Horror,downloaded,Corpse Party: Blood Covered,Corpse Party: Blood Covered,100.0,85,images\manga\corpse_party_blood_covered.jpg,
Cromartie High School,Comedy,downloaded,Cromartie High School,Cromartie High School,100.0,85,images\manga\cromartie_high_school.jpg,
Cross Game,Sports,downloaded,Cross Game,Cross Game,100.0,85,images\manga\cross_game.jpg,
Cyborg 009,Sci-Fi,downloaded,Cyborg 009,Cyborg 009,100.0,85,images\manga\cyborg_009.jpg,
D.Gray-man,Shonen,downloaded,D.Gray-man,D.Gray-man,100.0,85,images\manga\d_gray_man.jpg,
D.Gray-man (Supernatural),Supernatural,downloaded,D.Gray-man,D.Gray-man,100.0,85,images\manga\d_gray_man_supernatural.jpg,
Daily Lives of High School Boys,Comedy,downloaded,Daily Lives of High School Boys,The Daily Lives of High School Boys,93.9,85,images\manga\daily_lives_of_high_school_boys.jpg,
Dakaichi,Boys' Love (BL),no_match,Dakaichi,,,,,
Dance in the Vampire Bund,Fantasy,downloaded,Dance in the Vampire Bund,Dance in the Vampire Bund,100.0,85,images\manga\dance_in_the_vampire_bund.jpg,
Danganronpa: The Animation Manga,Mystery / Thriller,no_match,Danganronpa: The Animation Manga,,,,,
Days (Sports),Sports,downloaded,Days,Days,100.0,85,images\manga\days_sports.jpg,
Death March to the Parallel World Rhapsody,Isekai,downloaded,Death March to the Parallel World Rhapsody,Death March to the Parallel World Rhapsody,100.0,85,images\manga\death_march_to_the_parallel_world_rhapsody.jpg,
Death Note,Mystery / Thriller,downloaded,Death Note,Death Note,100.0,85,images\manga\death_note.jpg,
Delicious in Dungeon,Fantasy,downloaded,Delicious in Dungeon,Delicious in Dungeon,100.0,85,images\manga\delicious_in_dungeon.jpg,
Demon Slayer: Kimetsu no Yaiba,Shonen,downloaded,Demon Slayer: Kimetsu no Yaiba,Demon Slayer: Kimetsu no Yaiba,100.0,85,images\manga\demon_slayer_kimetsu_no_yaiba.jpg,
Demon Slayer: Kimetsu no Yaiba (Supernatural),Supernatural,downloaded,Demon Slayer: Kimetsu no Yaiba,Demon Slayer: Kimetsu no Yaiba,100.0,85,images\manga\demon_slayer_kimetsu_no_yaiba_supernatural.jpg,
Dennou Coil,Sci-Fi,downloaded,Dennou Coil,Dennou Coil,100.0,85,images\manga\dennou_coil.jpg,
Detective Conan,Mystery / Thriller,downloaded,Detective Conan,Detective Conan,100.0,85,images\manga\detective_conan.jpg,
Detroit Metal City,Comedy,downloaded,Detroit Metal City,DMC: Detroit Metal City,87.8,85,images\manga\detroit_metal_city.jpg,
Devil Survivor,Fantasy,downloaded,Devil Survivor,Devil Survivor,100.0,85,images\manga\devil_survivor.jpg,
Devilman,Horror,downloaded,Devilman,Devilman,100.0,85,images\manga\devilman.jpg,
Devilman Crybaby,Horror,no_match,Devilman Crybaby,,,,,
Devilman Crybaby (Supernatural),Supernatural,no_match,Devilman Crybaby,,,,,
Diamond no Ace,Sports,downloaded,Diamond no Ace,Ace of the Diamond,81.2,75,images\manga\diamond_no_ace.jpg,
Didn't I Say to Make My Abilities Average?,Isekai,downloaded,Didn't I Say to Make My Abilities Average?,Didn't I Say to Make My Abilities Average in the Next Life?!,80.4,75,images\manga\didn_t_i_say_to_make_my_abilities_average.jpg,
Domestic Girlfriend,Romance,downloaded,Domestic Girlfriend,Domestic Girlfriend,100.0,85,images\manga\domestic_girlfriend.jpg,
Dorohedoro,Seinen,downloaded,Dorohedoro,Dorohedoro,100.0,85,images\manga\dorohedoro.jpg,
Dorohedoro (Horror),Horror,downloaded,Dorohedoro,Dorohedoro,100.0,85,images\manga\dorohedoro_horror.jpg,
Dororo,Supernatural,downloaded,Dororo,Dororo,100.0,85,images\manga\dororo.jpg,
Doubt,Horror,downloaded,Doubt,Doubt,100.0,85,images\manga\doubt.jpg,
Doubt (Mystery),Mystery / Thriller,downloaded,Doubt,Doubt,100.0,85,images\manga\doubt_mystery.jpg,
Doukyuusei,Boys' Love (BL),downloaded,Doukyuusei,Doukyuusei,100.0,85,images\manga\doukyuusei.jpg,
Dr. Stone,Sci-Fi;Shonen,downloaded,Dr. Stone,Dr. STONE,55.6,55,images\manga\dr_stone.jpg,
Dr. Stone (Fantasy-adj),Fantasy,downloaded,Dr. Stone,Dr. STONE,55.6,55,images\manga\dr_stone_fantasy_adj.jpg,
Dragon Ball,Shonen,downloaded,Dragon Ball,Dragon Ball,100.0,85,images\manga\dragon_ball.jpg,
Drifters,Historical,downloaded,Drifters,Drifters,100.0,85,images\manga\drifters.jpg,
Drugstore in Another World,Isekai,downloaded,Drugstore in Another World,Drugstore in Another World: The Slow Life of a Cheat Pharmacist,58.4,55,images\manga\drugstore_in_another_world.jpg,
Dungeon Meshi,Fantasy,downloaded,Dungeon Meshi,Dungeon Meshi,100.0,85,images\manga\dungeon_meshi.jpg,
Edens Zero,Shonen,no_match,Edens Zero,,,,,
Erased,Mystery / Thriller,downloaded,Erased,Erased,100.0,85,images\manga\erased.jpg,
Excel Saga,Comedy,downloaded,Excel Saga,Excel Saga,100.0,85,images\manga\excel_saga.jpg,
Eyeshield 21,Sports,downloaded,Eyeshield 21,Eyeshield 21,100.0,85,images\manga\eyeshield_21.jpg,
Fairy Tail,Shonen,downloaded,Fairy Tail,Fairy Tail,100.0,85,images\manga\fairy_tail.jpg,
Fairy Tail (Fantasy),Fantasy,downloaded,Fairy Tail,Fairy Tail,100.0,85,images\manga\fairy_tail_fantasy.jpg,
Farming Life in Another World,Isekai,downloaded,Farming Life in Another World,Farming Life in Another World,100.0,85,images\manga\farming_life_in_another_world.jpg,
Finder Series,Boys' Love (BL),downloaded,Finder Series,Finder,63.2,55,images\manga\finder_series.jpg,
Fire Force,Shonen,downloaded,Fire Force,Fire Force,100.0,85,images\manga\fire_force.jpg,
Flowers of Evil (Josei),Josei,downloaded,Flowers of Evil,The Flowers of Evil,88.2,85,images\manga\flowers_of_evil_josei.jpg,
Fly Me to the Moon,Romance,downloaded,Fly Me to the Moon,Fly Me to the Moon,100.0,85,images\manga\fly_me_to_the_moon.jpg,
Fragments of Horror,Horror,downloaded,Fragments of Horror,Fragments of Horror,100.0,85,images\manga\fragments_of_horror.jpg,
Franken Fran,Horror,downloaded,Franken Fran,Franken Fran,100.0,85,images\manga\franken_fran.jpg,
Free! Iwatobi Swim Club,Sports,no_match,Free! Iwatobi Swim Club,,,,,
Frieren: Beyond Journey's End,Fantasy,downloaded,Frieren: Beyond Journey's End,Frieren: Beyond Journey’s End,96.6,85,images\manga\frieren_beyond_journey_s_end.jpg,
"From Today, It's My Turn!!",Mystery / Thriller,no_match,My Turn!!,,,,,
Fruits Basket,Shojo,downloaded,Fruits Basket,Fruits Basket,100.0,85,images\manga\fruits_basket.jpg,
Fruits Basket (Romance),Romance,downloaded,Fruits Basket,Fruits Basket,100.0,85,images\manga\fruits_basket_romance.jpg,
Full Moon o Sagashite,Shojo,downloaded,Full Moon o Sagashite,Full Moon,60.0,55,images\manga\full_moon_o_sagashite.jpg,
Full Moon o Sagashite (Fantasy),Fantasy,downloaded,Full Moon o Sagashite,Full Moon,60.0,55,images\manga\full_moon_o_sagashite_fantasy.jpg,
Fullmetal Alchemist (Sci-Fi-adj),Sci-Fi,downloaded,Fullmetal Alchemist,Fullmetal Alchemist,100.0,85,images\manga\fullmetal_alchemist_sci_fi_adj.jpg,
Fushigi Yuugi,Shojo,downloaded,Fushigi Yuugi,Fushigi Yûgi,88.0,85,images\manga\fushigi_yuugi.jpg,
Fushigi Yuugi (Fantasy),Fantasy,downloaded,Fushigi Yuugi,Fushigi Yûgi,88.0,85,images\manga\fushigi_yuugi_fantasy.jpg,
Gantz,Seinen,downloaded,Gantz,Gantz,100.0,85,images\manga\gantz.jpg,
Gantz (Mystery),Mystery / Thriller,downloaded,Gantz,Gantz,100.0,85,images\manga\gantz_mystery.jpg,
Gate 7,Historical,downloaded,Gate 7,Gate 7,100.0,85,images\manga\gate_7.jpg,
Ghost Hunt,Supernatural,downloaded,Ghost Hunt,Ghost Hunt,100.0,85,images\manga\ghost_hunt.jpg,
Ghost in the Shell,Sci-Fi,downloaded,Ghost in the Shell,The Ghost in the Shell,90.0,85,images\manga\ghost_in_the_shell.jpg,
Giant Killing,Sports,downloaded,Giant Killing,Giant Killing,100.0,85,images\manga\giant_killing.jpg,
Gintama,Comedy,downloaded,Gintama,Gin Tama,80.0,75,images\manga\gintama.jpg,
Given,Josei,downloaded,Given,Given,100.0,85,images\manga\given.jpg,
Given (BL),Boys' Love (BL),downloaded,Given,Given,100.0,85,images\manga\given_bl.jpg,
Given: The Movie(Media),Boys' Love (BL),no_match,Given: The Movie,,,,,
Given: Uragawa no Sonzai,Boys' Love (BL),no_match,Given: Uragawa no Sonzai,,,,,
Golden Boy,Comedy,downloaded,Golden Boy,Golden Boy,100.0,85,images\manga\golden_boy.jpg,
Golden Kamuy,Seinen,downloaded,Golden Kamuy,Golden Kamuy,100.0,85,images\manga\golden_kamuy.jpg,
Golden Kamuy (Historical),Historical,downloaded,Golden Kamuy,Golden Kamuy,100.0,85,images\manga\golden_kamuy_historical.jpg,
Golden Kamuy (Mystery),Mystery / Thriller,downloaded,Golden Kamuy,Golden Kamuy,100.0,85,images\manga\golden_kamuy_mystery.jpg,
Golden Time (Romance),Romance,downloaded,Golden Time,Golden Time,100.0,85,images\manga\golden_time_romance.jpg,
Gosick,Mystery / Thriller,downloaded,Gosick,Gosick,100.0,85,images\manga\gosick.jpg,
Grand Blue,Seinen,downloaded,Grand Blue,Grand Blue Dreaming,69.0,65,images\manga\grand_blue.jpg,
Grand Blue (Comedy),Comedy,downloaded,Grand Blue,Grand Blue Dreaming,69.0,65,images\manga\grand_blue_comedy.jpg,
Grimgar of Fantasy and Ash,Isekai,downloaded,Grimgar of Fantasy and Ash,Grimgar of Fantasy and Ash,100.0,85,images\manga\grimgar_of_fantasy_and_ash.jpg,
Gto: Great Teacher Onizuka,Comedy,downloaded,Gto: Great Teacher Onizuka,GTO: Great Teacher Onizuka,80.8,75,images\manga\gto_great_teacher_onizuka.jpg,
Gunnm: Last Order,Sci-Fi,no_match,Gunnm: Last Order,,,,,
Gyo,Horror,downloaded,Gyo,Gyo,100.0,85,images\manga\gyo.jpg,
H2 (Sports),Sports,downloaded,H2,H2,100.0,85,images\manga\h2_sports.jpg,
Haikyuu!!,Sports,downloaded,Haikyuu!!,Haikyuu!!,100.0,85,images\manga\haikyuu.jpg,
Hajime no Ippo,Sports,downloaded,Hajime no Ippo,Hajime no Ippo: Fighting Spirit!,60.9,55,images\manga\hajime_no_ippo.jpg,
Hakuouki (Historical),Historical,downloaded,Hakuouki,Hakuouki,100.0,85,images\manga\hakuouki_historical.jpg,
Hana-Kimi,Shojo,downloaded,Hana-Kimi,Kimi ni Hana wo,66.7,65,images\manga\hana_kimi.jpg,
Happy Mania,Josei,downloaded,Happy Mania,Happy Mania,100.0,85,images\manga\happy_mania.jpg,
Harukanaru Toki no Naka de,Historical,downloaded,Harukanaru Toki no Naka de,Harukanaru Toki no Naka de 4,96.3,85,images\manga\harukanaru_toki_no_naka_de.jpg,
Hell Girl,Supernatural,downloaded,Hell Girl,Hell Girl,100.0,85,images\manga\hell_girl.jpg,
Hellsing,Seinen,no_match,Hellsing,,,,,
Hidden Card,Boys' Love (BL),no_match,Hidden Card,,,,,
Hideout,Horror,downloaded,Hideout,Hideout,100.0,85,images\manga\hideout.jpg,
Higurashi: When They Cry,Horror,downloaded,Higurashi: When They Cry,Higurashi When They Cry: GOU,88.5,85,images\manga\higurashi_when_they_cry.jpg,
Hitorijime My Hero,Boys' Love (BL),downloaded,Hitorijime My Hero,Hitorijime My Hero,100.0,85,images\manga\hitorijime_my_hero.jpg,
Homunculus,Seinen,downloaded,Homunculus,Homunculus,100.0,85,images\manga\homunculus.jpg,
Homunculus (Horror),Horror,downloaded,Homunculus,Homunculus,100.0,85,images\manga\homunculus_horror.jpg,
Honey and Clover,Josei,downloaded,Honey and Clover,Honey and Clover,100.0,85,images\manga\honey_and_clover.jpg,
Horimiya,Romance,downloaded,Horimiya,Horimiya,100.0,85,images\manga\horimiya.jpg,
Hot Gimmick,Shojo,downloaded,Hot Gimmick,Hot Gimmick,100.0,85,images\manga\hot_gimmick.jpg,
How a Realist Hero Rebuilt the Kingdom,Isekai,downloaded,How a Realist Hero Rebuilt the Kingdom,How a Realist Hero Rebuilt the Kingdom,100.0,85,images\manga\how_a_realist_hero_rebuilt_the_kingdom.jpg,
How Not to Summon a Demon Lord,Isekai,downloaded,How Not to Summon a Demon Lord,How NOT to Summon a Demon Lord,93.3,85,images\manga\how_not_to_summon_a_demon_lord.jpg,
Hunter x Hunter,Shonen,downloaded,Hunter x Hunter,Hunter x Hunter,100.0,85,images\manga\hunter_x_hunter.jpg,
I've Been Killing Slimes for 300 Years,Isekai,downloaded,I've Been Killing Slimes for 300 Years,I've Been Killing Slimes for 300 Years and Maxed Out My Level,76.8,75,images\manga\i_ve_been_killing_slimes_for_300_years.jpg,
Ibitsu,Horror,downloaded,Ibitsu,Ibitsu,100.0,85,images\manga\ibitsu.jpg,
Ikoku Meiro no Croisee,Historical,downloaded,Ikoku Meiro no Croisee,Ikoku Meiro no Croisée: Le cahier d' Yune,66.7,65,images\manga\ikoku_meiro_no_croisee.jpg,
In Another World with My Smartphone,Isekai,downloaded,In Another World with My Smartphone,In Another World With My Smartphone,85.7,85,images\manga\in_another_world_with_my_smartphone.jpg,
In Clothes Called Fat,Josei,downloaded,In Clothes Called Fat,In Clothes Called Fat,100.0,85,images\manga\in_clothes_called_fat.jpg,
Initial D,Sports,downloaded,Initial D,Initial D,100.0,85,images\manga\initial_d.jpg,
Innocent (Historical),Historical,downloaded,Innocent,Innocent,100.0,85,images\manga\innocent_historical.jpg,
Interviews with Monster Girls,Comedy,downloaded,Interviews with Monster Girls,Interviews with Monster Girls,100.0,85,images\manga\interviews_with_monster_girls.jpg,
Inuyasha,Fantasy,downloaded,Inuyasha,InuYasha,87.5,85,images\manga\inuyasha.jpg,
InuYasha (Supernatural),Supernatural,downloaded,InuYasha,InuYasha,100.0,85,images\manga\inuyasha_supernatural.jpg,
Inuyashiki,Seinen,downloaded,Inuyashiki,Inuyashiki,100.0,85,images\manga\inuyashiki.jpg,
Inuyashiki (Mystery),Mystery / Thriller,downloaded,Inuyashiki,Inuyashiki,100.0,85,images\manga\inuyashiki_mystery.jpg,
Isekai Izakaya: Nobu,Isekai,downloaded,Isekai Izakaya: Nobu,"Isekai Izakaya ""Nobu""",68.3,65,images\manga\isekai_izakaya_nobu.jpg,
Joker Game (Historical),Historical,downloaded,Joker Game,Joker Game,100.0,85,images\manga\joker_game_historical.jpg,
Judge (Manga),Horror,downloaded,Judge,Judge,100.0,85,images\manga\judge_manga.jpg,
Judge (Mystery),Mystery / Thriller,downloaded,Judge,Judge,100.0,85,images\manga\judge_mystery.jpg,
Jujutsu Kaisen,Shonen,downloaded,Jujutsu Kaisen,Jujutsu Kaisen,100.0,85,images\manga\jujutsu_kaisen.jpg,
Jujutsu Kaisen (Supernatural),Supernatural,downloaded,Jujutsu Kaisen,Jujutsu Kaisen,100.0,85,images\manga\jujutsu_kaisen_supernatural.jpg,
Junji Ito Maniac,Horror,no_match,Junji Ito Maniac,,,,,
Junji Ito's Cat Diary,Horror,downloaded,Junji Ito's Cat Diary,Junji Ito's Cat Diary: Yon & Mu,80.8,75,images\manga\junji_ito_s_cat_diary.jpg,
Junjou Romantica,Boys' Love (BL),downloaded,Junjou Romantica,Junjo Romantica,96.8,85,images\manga\junjou_romantica.jpg,
Kagemusha,Historical,no_match,Kagemusha,,,,,
Kaguya-sama: Love Is War,Romance,downloaded,Kaguya-sama: Love Is War,Kaguya-sama: Love is War,87.5,85,images\manga\kaguya_sama_love_is_war.jpg,
Kaguya-sama: Love Is War (Comedy),Comedy,downloaded,Kaguya-sama: Love Is War,Kaguya-sama: Love is War,87.5,85,images\manga\kaguya_sama_love_is_war_comedy.jpg,
Kaiba(sci-fi),Sci-Fi,no_match,Kaiba,,,,,
Kaichou wa Maid-sama!,Shojo,downloaded,Kaichou wa Maid-sama!,Kaichou wa Maid-sama!: Marriage,80.8,75,images\manga\kaichou_wa_maid_sama.jpg,
Kaiji,Seinen,downloaded,Kaiji,Kaiji Gaiden,58.8,55,images\manga\kaiji.jpg,
Kaiji (Mystery),Mystery / Thriller,downloaded,Kaiji,Kaiji Gaiden,58.8,55,images\manga\kaiji_mystery.jpg,
Kakegurui,Horror,downloaded,Kakegurui,Kakegurui Twin,78.3,75,images\manga\kakegurui.jpg,
Kakukaku Shikajika,Josei,no_match,Kakukaku Shikajika,,,,,
Kakuriyo: Bed & Breakfast for Spirits,Supernatural,downloaded,Kakuriyo: Bed & Breakfast for Spirits,Kakuriyo: Bed & Breakfast for Spirits,100.0,85,images\manga\kakuriyo_bed_breakfast_for_spirits.jpg,
Kamisama Kiss,Supernatural,downloaded,Kamisama Kiss,Kamisama Kiss,100.0,85,images\manga\kamisama_kiss.jpg,
"Kanojo, Okarishimasu",Romance,downloaded,"Kanojo, Okarishimasu","Kanojo, Okarishimasu: Koushiki Anthology Comic",60.6,55,images\manga\kanojo_okarishimasu.jpg,
Kase-san,Boys' Love (BL),downloaded,Kase-san,Kase-san and...,69.6,65,images\manga\kase_san.jpg,
Katanagatari,Historical,no_match,Katanagatari,,,,,
Katekyo Hitman Reborn!,Shonen,downloaded,Katekyo Hitman Reborn!,Katekyo Hitman Reborn! Hidden Bullet,75.9,75,images\manga\katekyo_hitman_reborn.jpg,
Kaze Hikaru,Historical,downloaded,Kaze Hikaru,Kaze Hikaru,100.0,85,images\manga\kaze_hikaru.jpg,
Keijo!!!!!!!!,Sports,downloaded,Keijo!!!!!!!!,Keijo!!!!!!!! Hip Whip Girl,65.0,65,images\manga\keijo.jpg,
Kids on the Slope,Josei,no_match,Kids on the Slope,,,,,
Kieta Hatsukoi,Boys' Love (BL),downloaded,Kieta Hatsukoi,Kieta Hatsukoi Shougekijou,70.0,65,images\manga\kieta_hatsukoi.jpg,
Kimi ni Todoke,Shojo,downloaded,Kimi ni Todoke,Kimi ni Todoke,100.0,85,images\manga\kimi_ni_todoke.jpg,
Kimi ni Todoke (Romance),Romance,downloaded,Kimi ni Todoke,Kimi ni Todoke,100.0,85,images\manga\kimi_ni_todoke_romance.jpg,
Kimi no Iru Machi,Romance,downloaded,Kimi no Iru Machi,Kimi no Iru Machi Bangai-hen,75.6,75,images\manga\kimi_no_iru_machi.jpg,
Kimi to Boku no Saigo no Senjo,Romance,no_match,Kimi to Boku no Saigo no Senjo,,,,,
Kimi wa Pet,Josei,no_match,Kimi wa Pet,,,,,
Kingdom,Shonen,downloaded,Kingdom,Kingdom,100.0,85,images\manga\kingdom.jpg,
Kingdom (Historical),Historical,downloaded,Kingdom,Kingdom,100.0,85,images\manga\kingdom_historical.jpg,
Knights of Sidonia,Sci-Fi,downloaded,Knights of Sidonia,Knights of Sidonia,100.0,85,images\manga\knights_of_sidonia.jpg,
Konosuba: God's Blessing on This Wonderful World!,Isekai,downloaded,Konosuba: God's Blessing on This Wonderful World!,Konosuba: God's Blessing on This Wonderful World!,100.0,85,images\manga\konosuba_god_s_blessing_on_this_wonderful_world.jpg,
Kuroko's Basketball,Sports,downloaded,Kuroko's Basketball,Kuroko's Basketball,100.0,85,images\manga\kuroko_s_basketball.jpg,
Kurosagi,Josei,downloaded,Kurosagi,Shin Kurosagi,76.2,75,images\manga\kurosagi.jpg,
L-DK,Romance,downloaded,L-DK,LDK,85.7,85,images\manga\l_dk.jpg,
Le Chevalier D'Eon,Historical,downloaded,Le Chevalier D'Eon,Le Chevalier d'Eon,77.8,75,images\manga\le_chevalier_d_eon.jpg,
Legend of the Galactic Heroes,Historical,downloaded,Legend of the Galactic Heroes,Legend of the Galactic Heroes,100.0,85,images\manga\legend_of_the_galactic_heroes.jpg,
Levius,Sci-Fi,downloaded,Levius,Levius,100.0,85,images\manga\levius.jpg,
Liar Game,Seinen,downloaded,Liar Game,"Liar, Liar",63.2,55,images\manga\liar_game.jpg,
Liar Game (Mystery),Mystery / Thriller,downloaded,Liar Game,"Liar, Liar",63.2,55,images\manga\liar_game_mystery.jpg,
Lone Wolf and Cub,Historical,downloaded,Lone Wolf and Cub,Lone Wolf and Cub,100.0,85,images\manga\lone_wolf_and_cub.jpg,
Love So Life,Romance,no_match,Love So Life,,,,,
Love Stage!!,Boys' Love (BL),downloaded,Love Stage!!,Love Stage!!,100.0,85,images\manga\love_stage.jpg,
Lovely Complex,Shojo,no_match,Lovely Complex,,,,,
Made in Abyss,Fantasy,downloaded,Made in Abyss,Made in Abyss,100.0,85,images\manga\made_in_abyss.jpg,
Magi: The Kingdom of Magic,Fantasy,no_match,Magi: The Kingdom of Magic,,,,,
Magi: The Labyrinth of Magic,Shonen,downloaded,Magi: The Labyrinth of Magic,Magi: The Labyrinth of Magic,100.0,85,images\manga\magi_the_labyrinth_of_magic.jpg,
Magic Knight Rayearth,Fantasy,downloaded,Magic Knight Rayearth,Magic Knight Rayearth,100.0,85,images\manga\magic_knight_rayearth.jpg,
Major,Sports,downloaded,Major,Major,100.0,85,images\manga\major.jpg,
March Comes in Like a Lion,Josei,downloaded,March Comes in Like a Lion,March Comes in Like a Lion,100.0,85,images\manga\march_comes_in_like_a_lion.jpg,
Marmalade Boy,Shojo,downloaded,Marmalade Boy,Marmalade Boy,100.0,85,images\manga\marmalade_boy.jpg,
Mashle: Magic and Muscles,Shonen,downloaded,Mashle: Magic and Muscles,Mashle: Magic and Muscles,100.0,85,images\manga\mashle_magic_and_muscles.jpg,
Medaka Box,Shonen,downloaded,Medaka Box,Medaka Box,100.0,85,images\manga\medaka_box.jpg,
Mieruko-chan,Horror,downloaded,Mieruko-chan,Mieruko-chan,100.0,85,images\manga\mieruko_chan.jpg,
Miss Kobayashi's Dragon Maid,Comedy,downloaded,Miss Kobayashi's Dragon Maid,Miss Kobayashi's Dragon Maid,100.0,85,images\manga\miss_kobayashi_s_dragon_maid.jpg,
Mob Psycho 100,Supernatural,downloaded,Mob Psycho 100,Mob Psycho 100,100.0,85,images\manga\mob_psycho_100.jpg,
Mobile Suit Gundam,Sci-Fi,downloaded,Mobile Suit Gundam,Mobile Suit Gundam 00,92.3,85,images\manga\mobile_suit_gundam.jpg,
Mononoke (Manga),Supernatural,downloaded,Mononoke,Mononoke,100.0,85,images\manga\mononoke_manga.jpg,
Monster,Seinen,downloaded,Monster,Monster,100.0,85,images\manga\monster.jpg,
Monster (Mystery),Mystery / Thriller,downloaded,Monster,Monster,100.0,85,images\manga\monster_mystery.jpg,
MPD Psycho,Seinen,downloaded,MPD Psycho,MPD Psycho,100.0,85,images\manga\mpd_psycho.jpg,
MPD Psycho (Mystery),Mystery / Thriller,downloaded,MPD Psycho,MPD Psycho,100.0,85,images\manga\mpd_psycho_mystery.jpg,
Museum of Terror,Horror,downloaded,Museum of Terror,Museum of Terror,100.0,85,images\manga\museum_of_terror.jpg,
Mushoku Tensei: Jobless Reincarnation,Isekai,downloaded,Mushoku Tensei: Jobless Reincarnation,Mushoku Tensei: Jobless Reincarnation,100.0,85,images\manga\mushoku_tensei_jobless_reincarnation.jpg,
My Dress-Up Darling,Romance,downloaded,My Dress-Up Darling,My Dress-Up Darling,100.0,85,images\manga\my_dress_up_darling.jpg,
My Hero Academia,Shonen,downloaded,My Hero Academia,My Hero Academia,100.0,85,images\manga\my_hero_academia.jpg,
My Little Monster,Shojo,downloaded,My Little Monster,My Little Monster,100.0,85,images\manga\my_little_monster.jpg,
Nana,Shojo,downloaded,Nana,Nana,100.0,85,images\manga\nana.jpg,
Nana (Josei),Josei,downloaded,Nana,Nana,100.0,85,images\manga\nana_josei.jpg,
Naruto,Shonen,downloaded,Naruto,Naruto,100.0,85,images\manga\naruto.jpg,
Natsume's Book of Friends,Supernatural,downloaded,Natsume's Book of Friends,Natsume's Book of Friends,100.0,85,images\manga\natsume_s_book_of_friends.jpg,
Neon Genesis Evangelion,Sci-Fi,downloaded,Neon Genesis Evangelion,Neon Genesis Evangelion,100.0,85,images\manga\neon_genesis_evangelion.jpg,
Nichijou,Comedy,downloaded,Nichijou,Nichijou,100.0,85,images\manga\nichijou.jpg,
Nisekoi,Romance,downloaded,Nisekoi,Nisekoi,100.0,85,images\manga\nisekoi.jpg,
No Game No Life,Isekai,downloaded,No Game No Life,No Game No Life,100.0,85,images\manga\no_game_no_life.jpg,
No Guns Life,Sci-Fi,downloaded,No Guns Life,No Guns Life,100.0,85,images\manga\no_guns_life.jpg,
No Longer Human,Horror,downloaded,No Longer Human,No Longer Human,100.0,85,images\manga\no_longer_human.jpg,
No. 6,Boys' Love (BL),downloaded,No. 6,No. 6,100.0,85,images\manga\no_6.jpg,
Nobunaga Concerto,Historical,downloaded,Nobunaga Concerto,Nobunaga Concerto,100.0,85,images\manga\nobunaga_concerto.jpg,
Nodame Cantabile,Josei,downloaded,Nodame Cantabile,Nodame Cantabile,100.0,85,images\manga\nodame_cantabile.jpg,
Noragami,Fantasy,downloaded,Noragami,Noragami: Stray God,59.3,55,images\manga\noragami.jpg,
Noragami (Supernatural),Supernatural,downloaded,Noragami,Noragami: Stray God,59.3,55,images\manga\noragami_supernatural.jpg,
Nurarihyon no Mago,Shonen,downloaded,Nurarihyon no Mago,Nurarihyon no Mago,100.0,85,images\manga\nurarihyon_no_mago.jpg,
One Piece,Shonen,downloaded,One Piece,One Piece,100.0,85,images\manga\one_piece.jpg,
Ooku: The Inner Chambers,Historical,downloaded,Ooku: The Inner Chambers,Ōoku: The Inner Chambers,79.2,75,images\manga\ooku_the_inner_chambers.jpg,
Orange (Romance),Romance,downloaded,Orange,Orange,100.0,85,images\manga\orange_romance.jpg,
Origin: Spirits of the Past,Sci-Fi,no_match,Origin: Spirits of the Past,,,,,
Otherside Picnic (GL-adj),Boys' Love (BL),downloaded,Otherside Picnic,Otherside Picnic,100.0,85,images\manga\otherside_picnic_gl_adj.jpg,
Otherworldly Munchkin,Isekai,no_match,Otherworldly Munchkin,,,,,
Otoyomegatari (A Bride's Story),Historical;Josei,no_match,Otoyomegatari,,,,,
Ouran High School Host Club,Shojo,downloaded,Ouran High School Host Club,Ouran High School Host Club,100.0,85,images\manga\ouran_high_school_host_club.jpg,
Overlord,Isekai,downloaded,Overlord,Overlord,100.0,85,images\manga\overlord.jpg,
Oyasumi Punpun,Seinen,no_match,Oyasumi Punpun,,,,,
Paradise Kiss,Shojo,downloaded,Paradise Kiss,Paradise Kiss,100.0,85,images\manga\paradise_kiss.jpg,
Paradise Kiss (Josei),Josei,downloaded,Paradise Kiss,Paradise Kiss,100.0,85,images\manga\paradise_kiss_josei.jpg,
Parasyte,Seinen,downloaded,Parasyte,Parasyte,100.0,85,images\manga\parasyte.jpg,
Parasyte (Sci-Fi),Sci-Fi,downloaded,Parasyte,Parasyte,100.0,85,images\manga\parasyte_sci_fi.jpg,
Peace Maker Kurogane,Historical,downloaded,Peace Maker Kurogane,Peace Maker Kurogane,100.0,85,images\manga\peace_maker_kurogane.jpg,
Peach Girl,Shojo,downloaded,Peach Girl,Peach Girl,100.0,85,images\manga\peach_girl.jpg,
Peach Girl (Romance),Romance,downloaded,Peach Girl,Peach Girl,100.0,85,images\manga\peach_girl_romance.jpg,
Ping Pong,Seinen,downloaded,Ping Pong,Ping Pong,100.0,85,images\manga\ping_pong.jpg,
Ping Pong (Sports),Sports,downloaded,Ping Pong,Ping Pong,100.0,85,images\manga\ping_pong_sports.jpg,
Planetes,Sci-Fi,downloaded,Planetes,Planetes,100.0,85,images\manga\planetes.jpg,
Pluto,Seinen,downloaded,Pluto,Pluto,100.0,85,images\manga\pluto.jpg,
Pluto (Sci-Fi),Sci-Fi,downloaded,Pluto,Pluto,100.0,85,images\manga\pluto_sci_fi.jpg,
Prince of Tennis,Sports,downloaded,Prince of Tennis,The Prince of Tennis,88.9,85,images\manga\prince_of_tennis.jpg,
Princess Jellyfish,Josei,downloaded,Princess Jellyfish,Princess Jellyfish,100.0,85,images\manga\princess_jellyfish.jpg,
Prison School (Comedy),Comedy,downloaded,Prison School,Prison School,100.0,85,images\manga\prison_school_comedy.jpg,
Prison School (Horror-adj),Horror,downloaded,Prison School,Prison School,100.0,85,images\manga\prison_school_horror_adj.jpg,
Psycho-Pass,Mystery / Thriller,no_match,Psycho-Pass,,,,,
Q.E.D.,Mystery / Thriller,no_match,Q.E.D.,,,,,
Radiant,Fantasy,downloaded,Radiant,Radiant,100.0,85,images\manga\radiant.jpg,
Ranking of Kings,Fantasy,downloaded,Ranking of Kings,Ranking of Kings,100.0,85,images\manga\ranking_of_kings.jpg,
Ranking of Kings (Supernatural),Supernatural,downloaded,Ranking of Kings,Ranking of Kings,100.0,85,images\manga\ranking_of_kings_supernatural.jpg,
Ranma 1/2,Shojo,downloaded,Ranma 1/2,Ranma ½,62.5,55,images\manga\ranma_1_2.jpg,
Ranma 1/2 (Comedy),Comedy,downloaded,Ranma 1/2,Ranma ½,62.5,55,images\manga\ranma_1_2_comedy.jpg,
Ranpo Kitan: Game of Laplace,Mystery / Thriller,downloaded,Ranpo Kitan: Game of Laplace,Ranpo Kitan: Game of Laplace,100.0,85,images\manga\ranpo_kitan_game_of_laplace.jpg,
Re:Zero − Starting Life in Another World,Isekai,downloaded,Re:Zero − Starting Life in Another World,Re:ZERO -Starting Life in Another World-,65.0,65,images\manga\re_zero_starting_life_in_another_world.jpg,
Real (Inoue),Seinen,downloaded,Real,Real,100.0,85,images\manga\real_inoue.jpg,
Real (Sports),Sports,downloaded,Real,Real,100.0,85,images\manga\real_sports.jpg,
Real Clothes,Josei,downloaded,Real Clothes,Real Clothes,100.0,85,images\manga\real_clothes.jpg,
Record of Lodoss War,Fantasy,downloaded,Record of Lodoss War,Record of Lodoss War,100.0,85,images\manga\record_of_lodoss_war.jpg,
Reincarnated as a Sword,Isekai,downloaded,Reincarnated as a Sword,Reincarnated as a Sword,100.0,85,images\manga\reincarnated_as_a_sword.jpg,
Reincarnation,Horror,downloaded,Reincarnation,Reincarnation,100.0,85,images\manga\reincarnation.jpg,
Rent-a-Girlfriend,Romance,downloaded,Rent-a-Girlfriend,Rent-A-Girlfriend,94.1,85,images\manga\rent_a_girlfriend.jpg,
Requiem of the Rose King,Historical,downloaded,Requiem of the Rose King,Requiem of the Rose King,100.0,85,images\manga\requiem_of_the_rose_king.jpg,
Ristorante Paradiso,Josei,downloaded,Ristorante Paradiso,Ristorante Paradiso,100.0,85,images\manga\ristorante_paradiso.jpg,
Rookies,Sports,downloaded,Rookies,Rookies,100.0,85,images\manga\rookies.jpg,
Run with the Wind,Sports,no_match,Run with the Wind,,,,,
Rurouni Kenshin,Shonen,downloaded,Rurouni Kenshin,Rurouni Kenshin,100.0,85,images\manga\rurouni_kenshin.jpg,
Rurouni Kenshin (Historical),Historical,downloaded,Rurouni Kenshin,Rurouni Kenshin,100.0,85,images\manga\rurouni_kenshin_historical.jpg,
Saikano,Sci-Fi,downloaded,Saikano,Saikano,100.0,85,images\manga\saikano.jpg,
Sailor Moon,Shojo,downloaded,Sailor Moon,Sailor Moon,100.0,85,images\manga\sailor_moon.jpg,
Samurai Executioner,Historical,downloaded,Samurai Executioner,Samurai Executioner,100.0,85,images\manga\samurai_executioner.jpg,
Say I Love You,Shojo,downloaded,Say I Love You,Even Say I Love You,84.8,75,images\manga\say_i_love_you.jpg,
Say I Love You (Romance),Romance,downloaded,Say I Love You,Even Say I Love You,84.8,75,images\manga\say_i_love_you_romance.jpg,
"Sayonara, Zetsubou-Sensei",Comedy,downloaded,"Sayonara, Zetsubou-Sensei","Sayonara, Zetsubou-Sensei",100.0,85,images\manga\sayonara_zetsubou_sensei.jpg,
School Rumble,Comedy,downloaded,School Rumble,School Rumble,100.0,85,images\manga\school_rumble.jpg,
Sekaiichi Hatsukoi,Boys' Love (BL),downloaded,Sekaiichi Hatsukoi,Sekaiichi Hatsukoi: Animate no Baai,67.9,65,images\manga\sekaiichi_hatsukoi.jpg,
Sengoku Basara (Historical),Historical,downloaded,Sengoku Basara,Sengoku Basara 2,93.3,85,images\manga\sengoku_basara_historical.jpg,
Servant x Service,Comedy,downloaded,Servant x Service,Servant x Service,100.0,85,images\manga\servant_x_service.jpg,
Seven Deadly Sins,Fantasy,downloaded,Seven Deadly Sins,The Seven Deadly Sins,89.5,85,images\manga\seven_deadly_sins.jpg,
Shigurui: Death Frenzy,Historical,no_match,Shigurui: Death Frenzy,,,,,
Shiki,Horror,downloaded,Shiki,Shiki,100.0,85,images\manga\shiki.jpg,
Sidonia no Kishi,Seinen,downloaded,Sidonia no Kishi,Knights of Sidonia,76.5,75,images\manga\sidonia_no_kishi.jpg,
Silver Spoon,Comedy,downloaded,Silver Spoon,Silver Spoon,100.0,85,images\manga\silver_spoon.jpg,
Skip Beat!,Shojo,downloaded,Skip Beat!,Skip Beat!,100.0,85,images\manga\skip_beat.jpg,
Skip Beat! (Romance),Romance,downloaded,Skip Beat!,Skip Beat!,100.0,85,images\manga\skip_beat_romance.jpg,
Slam Dunk,Sports,downloaded,Slam Dunk,Slam Dunk,100.0,85,images\manga\slam_dunk.jpg,
Slam Dunk (Complete Edition),Sports,downloaded,Slam Dunk,Slam Dunk,100.0,85,images\manga\slam_dunk_complete_edition.jpg,
Slayers (Manga),Fantasy,downloaded,Slayers,Slayers,100.0,85,images\manga\slayers_manga.jpg,
Snow White with the Red Hair,Shojo,downloaded,Snow White with the Red Hair,Snow White with the Red Hair,100.0,85,images\manga\snow_white_with_the_red_hair.jpg,
"Snow, Flower, and the Full Moon",Josei,no_match,"Snow, Flower, and the Full Moon",,,,,
Solanin,Seinen,downloaded,Solanin,Solanin,100.0,85,images\manga\solanin.jpg,
Solanin (Josei),Josei,downloaded,Solanin,Solanin,100.0,85,images\manga\solanin_josei.jpg,
Sorcerer Hunters,Fantasy,downloaded,Sorcerer Hunters,Sorcerer Hunters,100.0,85,images\manga\sorcerer_hunters.jpg,
Soul Eater,Shonen,downloaded,Soul Eater,Soul Eater,100.0,85,images\manga\soul_eater.jpg,
Special A,Shojo,downloaded,Special A,S.A: Special A,78.3,75,images\manga\special_a.jpg,
Special A (Romance),Romance,downloaded,Special A,S.A: Special A,78.3,75,images\manga\special_a_romance.jpg,
Spy x Family (Supernatural-adj),Supernatural,downloaded,Spy x Family,Spy x Family: Family Portrait,58.5,55,images\manga\spy_x_family_supernatural_adj.jpg,
Squid Girl,Comedy,no_match,Squid Girl,,,,,
Steins;Gate,Mystery / Thriller,downloaded,Steins;Gate,Steins;Gate,100.0,85,images\manga\steins_gate.jpg,
Steins;Gate (Sci-Fi),Sci-Fi,downloaded,Steins;Gate,Steins;Gate,100.0,85,images\manga\steins_gate_sci_fi.jpg,
Sukitte Ii na yo,Shojo,no_match,Sukitte Ii na yo,,,,,
Sukitte Ii na yo (Romance),Romance,no_match,Sukitte Ii na yo,,,,,
Sun-Ken Rock,Seinen,downloaded,Sun-Ken Rock,Sun-Ken Rock,100.0,85,images\manga\sun_ken_rock.jpg,
Sundome,Horror,downloaded,Sundome,Sundome,100.0,85,images\manga\sundome.jpg,
Sweetness & Lightning,Josei,downloaded,Sweetness & Lightning,Sweetness and Lightning,86.4,85,images\manga\sweetness_lightning.jpg,
Sword Art Online,Isekai,downloaded,Sword Art Online,Sword Art Online,100.0,85,images\manga\sword_art_online.jpg,
Teasing Master Takagi-san,Comedy,downloaded,Teasing Master Takagi-san,Teasing Master Takagi-san,100.0,85,images\manga\teasing_master_takagi_san.jpg,
Ten Count,Boys' Love (BL),downloaded,Ten Count,Ten Count,100.0,85,images\manga\ten_count.jpg,
Terra Formars,Sci-Fi,downloaded,Terra Formars,Terra Formars,100.0,85,images\manga\terra_formars.jpg,
That Time I Got Reincarnated as a Slime,Isekai,downloaded,That Time I Got Reincarnated as a Slime,That Time I Got Reincarnated as a Slime,100.0,85,images\manga\that_time_i_got_reincarnated_as_a_slime.jpg,
The Ancient Magus' Bride,Fantasy,downloaded,The Ancient Magus' Bride,The Ancient Magus' Bride,100.0,85,images\manga\the_ancient_magus_bride.jpg,
The Ancient Magus' Bride (Supernatural),Supernatural,downloaded,The Ancient Magus' Bride,The Ancient Magus' Bride,100.0,85,images\manga\the_ancient_magus_bride_supernatural.jpg,
The Case Study of Vanitas,Fantasy,downloaded,The Case Study of Vanitas,The Case Study of Vanitas,100.0,85,images\manga\the_case_study_of_vanitas.jpg,
The Case Study of Vanitas (Supernatural),Supernatural,downloaded,The Case Study of Vanitas,The Case Study of Vanitas,100.0,85,images\manga\the_case_study_of_vanitas_supernatural.jpg,
The Devil Is a Part-Timer!,Comedy,downloaded,The Devil Is a Part-Timer!,The Devil is a Part-Timer!,88.5,85,images\manga\the_devil_is_a_part_timer.jpg,
The Disastrous Life of Saiki K.,Comedy,no_match,The Disastrous Life of Saiki K.,,,,,
The Drifting Classroom,Seinen,downloaded,The Drifting Classroom,The Drifting Classroom,100.0,85,images\manga\the_drifting_classroom.jpg,
The Drifting Classroom (Horror),Horror,downloaded,The Drifting Classroom,The Drifting Classroom,100.0,85,images\manga\the_drifting_classroom_horror.jpg,
The Eminence in Shadow,Isekai,downloaded,The Eminence in Shadow,The Eminence in Shadow,100.0,85,images\manga\the_eminence_in_shadow.jpg,
The Faraway Paladin,Isekai,downloaded,The Faraway Paladin,The Faraway Paladin,100.0,85,images\manga\the_faraway_paladin.jpg,
The Full-Time Wife Escapist,Josei,downloaded,The Full-Time Wife Escapist,The Full-Time Wife Escapist,100.0,85,images\manga\the_full_time_wife_escapist.jpg,
The Hell of a Hospital,Horror,no_match,The Hell of a Hospital,,,,,
The Promised Neverland,Shonen,downloaded,The Promised Neverland,The Promised Neverland,100.0,85,images\manga\the_promised_neverland.jpg,
The Promised Neverland (Horror),Horror,downloaded,The Promised Neverland,The Promised Neverland,100.0,85,images\manga\the_promised_neverland_horror.jpg,
The Promised Neverland (Mystery),Mystery / Thriller,downloaded,The Promised Neverland,The Promised Neverland,100.0,85,images\manga\the_promised_neverland_mystery.jpg,
The Promised Neverland (Supernatural),Supernatural,downloaded,The Promised Neverland,The Promised Neverland,100.0,85,images\manga\the_promised_neverland_supernatural.jpg,
The Quintessential Quintuplets,Romance,downloaded,The Quintessential Quintuplets,The Quintessential Quintuplets,100.0,85,images\manga\the_quintessential_quintuplets.jpg,
The Rising of the Shield Hero,Isekai,downloaded,The Rising of the Shield Hero,The Rising of the Shield Hero,100.0,85,images\manga\the_rising_of_the_shield_hero.jpg,
The Rising of the Shield Hero (Fantasy),Fantasy,downloaded,The Rising of the Shield Hero,The Rising of the Shield Hero,100.0,85,images\manga\the_rising_of_the_shield_hero_fantasy.jpg,
The Rose of Versailles,Historical,downloaded,The Rose of Versailles,The Rose of Versailles,100.0,85,images\manga\the_rose_of_versailles.jpg,
The Saga of Tanya the Evil,Isekai,downloaded,The Saga of Tanya the Evil,The Saga of Tanya the Evil,100.0,85,images\manga\the_saga_of_tanya_the_evil.jpg,
The Titan's Bride,Boys' Love (BL),downloaded,The Titan's Bride,The Titan's Bride,100.0,85,images\manga\the_titan_s_bride.jpg,
The Twelve Kingdoms,Fantasy,downloaded,The Twelve Kingdoms,The Twelve Kingdoms: Skies of Dawn	,71.7,65,images\manga\the_twelve_kingdoms.jpg,
The Wallflower,Shojo,downloaded,The Wallflower,One Touch Wallflower,76.5,75,images\manga\the_wallflower.jpg,
Toilet-Bound Hanako-kun,Supernatural,downloaded,Toilet-Bound Hanako-kun,Toilet-Bound Hanako-kun,100.0,85,images\manga\toilet_bound_hanako_kun.jpg,
Tokyo Ghoul,Seinen,downloaded,Tokyo Ghoul,Tokyo Ghoul,100.0,85,images\manga\tokyo_ghoul.jpg,
Tokyo Ghoul (Supernatural),Supernatural,downloaded,Tokyo Ghoul,Tokyo Ghoul,100.0,85,images\manga\tokyo_ghoul_supernatural.jpg,
Tokyo Mew Mew,Shojo,downloaded,Tokyo Mew Mew,Tokyo Mew Mew,100.0,85,images\manga\tokyo_mew_mew.jpg,
Tokyo Revengers,Mystery / Thriller,downloaded,Tokyo Revengers,Tokyo Revengers,100.0,85,images\manga\tokyo_revengers.jpg,
Tokyo Tarareba Girls,Josei,downloaded,Tokyo Tarareba Girls,Tokyo Tarareba Girls,100.0,85,images\manga\tokyo_tarareba_girls.jpg,
Tomie,Horror,downloaded,Tomie,Tomie,100.0,85,images\manga\tomie.jpg,
Tonikaku Kawaii,Romance,downloaded,Tonikaku Kawaii,Boku no Kareshi wa Tonikaku Kawaii.,60.0,55,images\manga\tonikaku_kawaii.jpg,
Toradora! (Manga),Romance,downloaded,Toradora!,Toradora!,100.0,85,images\manga\toradora_manga.jpg,
Toriko,Shonen,downloaded,Toriko,Toriko,100.0,85,images\manga\toriko.jpg,
Touch (Sports),Sports,downloaded,Touch,Touch,100.0,85,images\manga\touch_sports.jpg,
Tramps Like Us,Josei,no_match,Tramps Like Us,,,,,
Trinity Blood,Fantasy,downloaded,Trinity Blood,Trinity Blood,100.0,85,images\manga\trinity_blood.jpg,
Tsuki ga Kirei,Romance,downloaded,Tsuki ga Kirei,Kyou mo Tsuki ga Kirei,77.8,75,images\manga\tsuki_ga_kirei.jpg,
Twittering Birds Never Fly,Boys' Love (BL),downloaded,Twittering Birds Never Fly,Twittering Birds Never Fly,100.0,85,images\manga\twittering_birds_never_fly.jpg,
Ultraman (Manga),Sci-Fi,downloaded,Ultraman,Ultraman,100.0,85,images\manga\ultraman_manga.jpg,
Umibe no Etranger,Boys' Love (BL),downloaded,Umibe no Etranger,Seaside Stranger: Umibe no Étranger,61.5,55,images\manga\umibe_no_etranger.jpg,
Umineko: When They Cry,Horror,no_match,Umineko: When They Cry,,,,,
Uncle from Another World,Isekai,downloaded,Uncle from Another World,Uncle from Another World,100.0,85,images\manga\uncle_from_another_world.jpg,
Usagi Drop,Josei,no_match,Usagi Drop,,,,,
Ushio to Tora,Supernatural,downloaded,Ushio to Tora,Ushio to Tora,100.0,85,images\manga\ushio_to_tora.jpg,
Uzaki-chan Wants to Hang Out!,Comedy,downloaded,Uzaki-chan Wants to Hang Out!,Uzaki-chan Wants to Hang Out!,100.0,85,images\manga\uzaki_chan_wants_to_hang_out.jpg,
Uzumaki,Horror,no_match,Uzumaki,,,,,
Vagabond,Seinen,downloaded,Vagabond,Vagabond,100.0,85,images\manga\vagabond.jpg,
Vagabond (Historical),Historical,downloaded,Vagabond,Vagabond,100.0,85,images\manga\vagabond_historical.jpg,
Vampire Knight,Shojo,downloaded,Vampire Knight,Vampire Knight,100.0,85,images\manga\vampire_knight.jpg,
Vinland Saga,Seinen,downloaded,Vinland Saga,Vinland Saga,100.0,85,images\manga\vinland_saga.jpg,
Vinland Saga (Historical),Historical,downloaded,Vinland Saga,Vinland Saga,100.0,85,images\manga\vinland_saga_historical.jpg,
Voices in the Dark,Horror,downloaded,Voices in the Dark,Voices in the Dark,100.0,85,images\manga\voices_in_the_dark.jpg,
We Never Learn,Romance,downloaded,We Never Learn,We Never Learn,100.0,85,images\manga\we_never_learn.jpg,
Welcome to the Ballroom,Sports,downloaded,Welcome to the Ballroom,Welcome to the Ballroom,100.0,85,images\manga\welcome_to_the_ballroom.jpg,
Wolf Children,Seinen,downloaded,Wolf Children,Wolf Children: Ame & Yuki,68.4,65,images\manga\wolf_children.jpg,
Wolf Girl and Black Prince,Shojo,downloaded,Wolf Girl and Black Prince,Wolf Girl and Black Prince,100.0,85,images\manga\wolf_girl_and_black_prince.jpg,
World Trigger,Shonen,downloaded,World Trigger,World Trigger,100.0,85,images\manga\world_trigger.jpg,
World's Greatest First Love,Boys' Love (BL),downloaded,World's Greatest First Love,The World's Greatest First Love,93.1,85,images\manga\world_s_greatest_first_love.jpg,
Wotakoi (Romance),Romance,no_match,Wotakoi,,,,,
Wotakoi: Love Is Hard for Otaku,Josei,downloaded,Wotakoi: Love Is Hard for Otaku,Wotakoi: Love is Hard for Otaku,90.3,85,images\manga\wotakoi_love_is_hard_for_otaku.jpg,
xxxHolic,Supernatural,downloaded,xxxHolic,xxxHOLiC,62.5,55,images\manga\xxxholic.jpg,
Yakitate!! Japan,Comedy,downloaded,Yakitate!! Japan,Yakitate!! Japan,100.0,85,images\manga\yakitate_japan.jpg,
Yamada-kun and the Seven Witches,Romance,downloaded,Yamada-kun and the Seven Witches,Yamada-kun and the Seven Witches,100.0,85,images\manga\yamada_kun_and_the_seven_witches.jpg,
Yarichin Bitch Club,Boys' Love (BL),downloaded,Yarichin Bitch Club,Yarichin Bitch Club,100.0,85,images\manga\yarichin_bitch_club.jpg,
Yona of the Dawn,Fantasy,downloaded,Yona of the Dawn,Yona of the Dawn,100.0,85,images\manga\yona_of_the_dawn.jpg,
Yona of the Dawn (Supernatural),Supernatural,downloaded,Yona of the Dawn,Yona of the Dawn,100.0,85,images\manga\yona_of_the_dawn_supernatural.jpg,
Your Lie in April,Josei,downloaded,Your Lie in April,Your Lie in April,100.0,85,images\manga\your_lie_in_april.jpg,
Yu Yu Hakusho,Shonen,downloaded,Yu Yu Hakusho,Yu Yu Hakusho,100.0,85,images\manga\yu_yu_hakusho.jpg,
Yu Yu Hakusho (Supernatural),Supernatural,downloaded,Yu Yu Hakusho,Yu Yu Hakusho,100.0,85,images\manga\yu_yu_hakusho_supernatural.jpg,
Yu-Gi-Oh!,Shonen,downloaded,Yu-Gi-Oh!,Yu-Gi-Oh!,100.0,85,images\manga\yu_gi_oh.jpg,
Yuri!!! on Ice (Manga-adj),Boys' Love (BL),no_match,Yuri!!! on Ice,,,,,
Zankyou no Terror,Mystery / Thriller,no_match,Zankyou no Terror,,,,,
Zetman,Sci-Fi,no_match,Zetman,,,,,
Zombie Land Saga (Manga),Supernatural,downloaded,Zombie Land Saga,Zombie Land Saga,100.0,85,images\manga\zombie_land_saga_manga.jpg,
